{
  "threshold": 0.1985224256967066,
  "auc_roc": 0.9258027273870352,
  "normal_avg_error": 0.05798248449303067,
  "fraud_avg_error": 5.400029677535609
}