{
  "threshold": 0.2556004697176513,
  "auc_roc": 0.88330593257201,
  "normal_avg_error": 0.0617779548359943,
  "fraud_avg_error": 2.4205144121714874
}