{
  "avg_latency_ms": 161.35991287231445,
  "p95_latency_ms": 272.7723717689514,
  "accuracy": 1.0
}